year,tot_exp
2000,16.1328
2001,17.617
2002,18.0945
2003,20.3288
2004,22.4583
2005,22.2311
2006,24.184
2007,26.2601
2008,26.349800000000002
2009,29.0435
2010,31.8246
2011,32.1919
2012,34.3818
2013,35.8945
2014,39.295
2015,40.7665
2016,42.609700000000004
